order,id,priority,source,frequency,category,question,answer,formula,followup,pitfalls,variants
1,c001,S,past,9,数学・線形代数,固有値・固有ベクトルとは何ですか？,正方行列 A に対し、0でないベクトル v が Av=λv を満たすとき、λを固有値、vを固有ベクトルといいます。行列による変換で向きが変わらず、倍率だけがλになる方向です。,"Av=λv,  v≠0",物理的には、振動モード・主軸・安定性など、系に固有な方向とその大きさを表します。,固有ベクトルに零ベクトルは含みません。「射影そのもの」ではありません。,行列の固有値とは？ / 固有値の物理的意味は？ / 固有値・固有ベクトルって何？
2,c056,S,past,8,ロボティクス,順運動学と逆運動学とは何ですか？,順運動学は関節変数から手先の位置・姿勢を求める問題です。逆運動学は目標の手先位置・姿勢から関節変数を求める問題で、解が複数、存在しない、特異になる場合があります。,,,,
3,c025,S,past,6,機械力学・振動,慣性モーメントとは何ですか？,ある回転軸まわりの質量分布によって決まる、角加速度の生じにくさを表す量です。回転運動における質量に対応します。,"I=∫r²dm,  τ=Iα（固定軸）",,,
4,c047,S,past,5,FEM・数値解析,有限要素法とは何ですか？,連続体を有限個の要素に分割し、要素内の変位などを形状関数で近似して、偏微分方程式の境界値問題を連立代数方程式に変換して解く数値解析法です。,K u = f,,,
5,c058,S,past,5,ロボティクス,同次座標とは何ですか？,"n次元の点を1次元増やして表し、平行移動を含むアフィン変換を行列積として統一的に扱う表現です。3次元点pは通常[pᵀ,1]ᵀで表します。",p_h=[x y z 1]ᵀ,,,
6,c059,S,past,5,ロボティクス,同次座標変換行列とは何ですか？,回転Rと並進pを1つの4×4行列にまとめ、座標系間の位置・姿勢変換を表す行列です。複数の変換を行列積で合成できます。,"T=[[R,p],[0 0 0,1]],  p'_h=T p_h",,,同次座標変換とは？ / 同時座標変換とは？
7,c065,S,past,5,制御,伝達関数とは何ですか？,初期値を0とした線形時不変系で、出力のラプラス変換を入力のラプラス変換で割ったものです。入力から出力への周波数領域での関係を表します。,G(s)=Y(s)/U(s),,,
8,c066,S,past,5,制御,連続時間LTIシステムが安定かどうかはどう判定しますか？,伝達関数の全ての極が複素平面の左半平面、つまり実部が負なら漸近安定です。ラウス・フルビッツ、根軌跡、ナイキスト線図、ボード線図などでも判定できます。,,,虚部が負ではなく、実部が負です。,
9,c011,S,past,5,数学・微分方程式,微分方程式の一般解とは何ですか？,微分方程式を満たし、方程式の階数に応じた任意定数を含む解の族です。初期条件や境界条件を与えると、通常は特定の特殊解が決まります。,,,,
10,c002,S,past,5,数学・線形代数,行列の対角化とは何ですか？,n次正方行列Aを、正則行列Pを用いて P⁻¹AP=D とし、Dを対角行列にすることです。Pの列に固有ベクトルを並べると、Dの対角成分に対応する固有値が並びます。,P⁻¹AP=D  ⇔  A=PDP⁻¹,対角化すると、Aのべき乗や線形微分方程式の計算が簡単になります。,「行列を行基本変形して対角にする」こととは別です。,
11,c034,S,past,5,材料力学・設計,ヤング率とは何ですか？,線形弾性域における垂直応力と垂直ひずみの比例係数で、材料の引張・圧縮に対する変形しにくさを表します。,E=σ/ε  または σ=Eε,,梁のたわみ式に出るEIのIは断面二次モーメントで、ヤング率そのものの定義ではありません。,
12,c021,S,past,5,機械力学・振動,固有振動数とは何ですか？,外力がない自由振動で、系が固有に振動する周波数です。質量と剛性で決まり、1自由度の無減衰系では ωₙ=√(k/m) です。,"ωₙ=√(k/m),  fₙ=ωₙ/(2π)",,,
13,c022,S,past,5,機械力学・振動,共振周波数とは何ですか？,周期外力を加えたとき、定常応答振幅が最大になる加振周波数です。減衰が小さい系では固有振動数に近くなりますが、厳密には同じとは限りません。,1自由度粘性減衰系: ωᵣ=ωₙ√(1-2ζ²)（ζ<1/√2）,,,
14,c031,S,past,5,機械力学・振動,ラグランジュの運動方程式とは何ですか？,一般化座標qᵢを用い、ラグランジアンL=T−Vから運動方程式を得る方法です。拘束のある多自由度系を、力の成分を逐一分解せず記述できます。,"d/dt(∂L/∂q̇ᵢ)−∂L/∂qᵢ=Qᵢ,  L=T−V",,ラグランジアンは「位置エネルギー−運動エネルギー」ではなく T−V です。,
15,c087,S,past,5,流体力学,レイノルズ数とは何ですか？,慣性力と粘性力の比を表す無次元数で、流れが層流か乱流か、また模型実験の相似性を考える指標です。,Re=ρUL/μ=UL/ν,,,
16,c075,S,past,5,計測・信号処理,標本化と量子化の違いは何ですか？,標本化は連続時間信号を離散的な時刻で取り出す操作です。量子化は各標本値の連続的な振幅を、有限個の離散レベルに丸める操作です。,,,,
17,c076,S,past,5,計測・信号処理,標本化定理とは何ですか？,最高周波数f_maxまでに帯域制限された信号は、標本化周波数f_sを2f_maxより大きく取れば、理想条件下で完全に復元できます。,f_s > 2f_max,,,
18,c060,S,past,4,ロボティクス,オイラー角とは何ですか？,3次元の姿勢を、定めた順序で行う3回の軸回転の角度で表す方法です。回転順序により表現が異なり、特定姿勢でジンバルロックが生じます。,,例としてZYXオイラー角はヨー・ピッチ・ロールの順に表せますが、定義の確認が必要です。,,
19,c061,S,past,4,ロボティクス,ロボットのヤコビ行列は何を表しますか？,関節速度q̇と手先の並進・角速度vの関係を表します。力の関係では、手先力Fと関節トルクτを τ=JᵀF で結びます。,"v=J(q)q̇,  τ=JᵀF",,,
20,c003,S,past,4,数学・線形代数,行列が対角化できる条件は何ですか？,n次正方行列が対角化可能である必要十分条件は、一次独立な固有ベクトルをn本もつことです。固有値がすべて異なれば十分条件として対角化できます。,,重複固有値があっても、各固有空間の次元が代数的重複度を満たせば対角化可能です。,A自身が正則である必要はありません。正則である必要があるのは固有ベクトルを並べたPです。,
21,c009,S,past,4,数学・線形代数,ヤコビ行列とは何ですか？,多変数ベクトル値関数の各出力を各入力で偏微分して並べた行列です。入力の微小変化を出力の微小変化へ写す局所的な線形近似を表します。,"Jᵢⱼ=∂fᵢ/∂xⱼ,  Δy≈JΔx",ロボティクスでは関節速度と手先速度を結びます。,,ヤコビアンとは？ / ヤコビ行列行列とは？
22,c035,S,past,4,材料力学・設計,応力とは何ですか？力との違いは何ですか？,応力は物体内部のある面に作用する内力を、単位面積当たりで表した量です。力の単位はN、応力の単位はPa=N/m²で、同じ力でも断面積により応力は変わります。,"平均垂直応力 σ=N/A,  平均せん断応力 τ=V/A",,,
23,c037,S,past,4,材料力学・設計,応力集中とは何ですか？,穴、切欠き、段差など形状の不連続部で、局所応力が公称応力より大きくなる現象です。最大応力と公称応力の比を応力集中係数といいます。,K_t=σ_max/σ_nom,,,
24,c070,S,past,3,制御,フィードバック制御とは何ですか？,出力を測定して目標値と比較し、その偏差に基づいて入力を調整する制御です。モデル誤差や外乱の影響を抑えられますが、設計が悪いと不安定化します。,e=r−y,,,
25,c078,S,past,3,計測・信号処理,標本化定理を満たさないと何が起こりますか？,ナイキスト周波数を超える成分が低い周波数に折り返して見えるエイリアシングが起こり、元の信号を一意に復元できなくなります。,,対策は標本化周波数を上げるか、標本化前にアンチエイリアス用ローパスフィルタを入れることです。,,
26,c068,S,past,2,制御,ナイキスト線図とは何ですか？,開ループ伝達関数G(jω)の周波数応答を、ωを変化させながら複素平面上に描いた軌跡です。閉ループ安定性や安定余裕の評価に使います。,,,,
27,c090,S,past,2,流体力学,非圧縮性ニュートン流体の運動方程式の名前と式を答えてください。,ナビエ–ストークス方程式です。左辺は単位体積当たりの慣性項、右辺は圧力勾配、粘性項、体積力を表します。,ρ(∂u/∂t+(u·∇)u)=−∇p+μ∇²u+ρf,,,
28,c044,S,past,1,材料力学・設計,片持ち梁の先端集中荷重で、長さを2倍にすると先端たわみは何倍ですか？,断面、材料、荷重が同じなら、先端たわみは長さの3乗に比例するため8倍です。,δ=PL³/(3EI) ⇒ L→2Lでδ→8δ,,,
29,c098,A,past,4,HI・触覚・VR,皮膚の主要な機械受容器を挙げてください。,無毛部皮膚では、メルケル盤、マイスナー小体、パチニ小体、ルフィニ終末が代表です。順に持続圧・形状、低周波振動・滑り、高周波振動、皮膚伸展に関係します。,,速順応/遅順応、受容野の大小も説明できると強いです。,,
30,c026,A,past,3,機械力学・振動,慣性テンソルとは何ですか？,三次元剛体の角速度と角運動量の関係を表す3×3の対称行列です。対角成分は各軸まわりの慣性モーメント、非対角成分は符号を含む慣性乗積です。,L=Iω,座標軸を慣性主軸に取ると慣性テンソルは対角化されます。,,
31,c016,A,past,3,統計,中心極限定理とは何ですか？,独立同分布の確率変数の和または標本平均は、標本数が十分大きいと、元の分布によらず近似的に正規分布に従うという定理です。,"√n( X̄-μ )/σ → N(0,1)",,標本平均が母平均そのものに近づくことは大数の法則です。中心極限定理は分布形の話です。,
32,c063,A,past,2,ロボティクス,ロボットアームの順運動学と移動ロボットの運動学はどう違いますか？,ロボットアームでは関節角とリンク変換を連鎖して手先姿勢を求めます。移動ロボットでは車輪速度などから機体の位置・姿勢変化を求め、非ホロノミック拘束や滑りも考慮します。,"差動二輪例: v=r(ω_R+ω_L)/2,  θ̇=r(ω_R−ω_L)/L",,,
33,c067,A,past,2,制御,代表的な安定判別法を挙げてください。,極の直接確認、ラウス・フルビッツ判別、ナイキスト安定判別、ボード線図のゲイン余裕・位相余裕、状態空間では固有値の確認があります。,,,,
34,c010,A,past,2,数学・線形代数,ヤコビアンの行列式が0になることは何を意味しますか？,正方ヤコビ行列なら det J=0 はランクが落ち、局所的に逆変換できない特異点であることを意味します。ロボットでは、ある手先方向に速度を出せない、または逆運動学が不安定になる状態です。,det J=0（正方の場合） / rank(J)低下（一般の場合）,,非正方行列では行列式ではなくランクで判定します。,
35,c039,A,past,2,材料力学・設計,ひずみとは何ですか？単位は何ですか？,ひずみは変形量を元の寸法で規格化した量です。垂直ひずみは長さ変化を初期長さで割るため無次元です。,ε=ΔL/L₀,,,
36,c023,A,past,2,機械力学・振動,固有振動数を上げるにはどうすればよいですか？,基本的には剛性を大きくするか質量を小さくします。梁では、材料のヤング率や断面二次モーメントを増やし、長さや密度を減らす方向です。,ωₙ∝√(k/m),,単に「金属にする」では不十分で、剛性と質量の両方が変わる点を説明します。,
37,c024,A,past,2,機械力学・振動,共振を抑える方法を挙げてください。,加振周波数と固有振動数を離す、減衰を増やす、剛性・質量を変えて固有振動数をずらす、動吸振器を付ける、入力源を絶縁する方法があります。,,防振は振動伝達を減らし、制振は構造自体の振動エネルギーを散逸・相殺します。,,
38,c088,A,past,2,流体力学,ニュートン流体とは何ですか？,せん断応力が速度勾配、すなわちせん断ひずみ速度に比例し、その比例係数である粘度がせん断速度によらない流体です。,τ=μ du/dy,,,
39,c093,A,past,2,熱力学・伝熱,エンタルピーの定義を式で答えてください。,エンタルピーHは内部エネルギーUと圧力pと体積Vの積の和です。比エンタルピーなら h=u+pv です。,"H=U+pV,  h=u+pv",,,
40,c139,A,past,2,自分の経験,得意科目を聞かれたら、どう答えますか？,科目名だけで終えず、得意な理由、代表的な式・概念、実験や設計で使った例を30秒で述べます。その後に深掘りされても答えられる範囲の科目を選びます。,,,有限要素法などを挙げるなら、弱形式・形状関数・連立方程式の解法まで準備します。,
41,c077,A,past,2,計測・信号処理,ナイキスト周波数とは何ですか？,標本化周波数の半分 f_s/2 の周波数です。デジタル信号で一意に表現できる上限周波数に対応します。,f_N=f_s/2,,,
42,c079,A,past,2,計測・信号処理,量子化誤差とは何ですか？,連続値を最も近い量子化レベルへ丸めることで生じる、真の値と量子化値の差です。一様量子化なら通常、誤差の大きさは量子化幅Δの半分以下です。,|e_q|≤Δ/2,,,
43,c084,A,past,2,計測・信号処理,フーリエ級数とフーリエ変換とは何ですか？,フーリエ級数は周期信号を離散的な周波数の正弦波・複素指数関数の和で表します。フーリエ変換は非周期信号も含め、時間領域の信号を連続周波数成分へ分解します。,,,,
44,c085,A,past,2,計測・信号処理,高速フーリエ変換（FFT）とは何ですか？,離散フーリエ変換DFTを効率よく計算するアルゴリズム群です。代表的には計算量をO(N²)からO(N log N)へ削減します。,"DFT: O(N²), FFT: O(N log N)",,,
45,c048,A,past,1,FEM・数値解析,有限要素法では要素ごとにどのように微分方程式を簡略化しますか？,未知場を節点値と形状関数の線形結合で近似し、重み付き残差法、特にガラーキン法で弱形式を作ります。各要素の剛性行列と荷重ベクトルを計算し、全体へ組み立てます。,"u≈Nq,  ∫wR dΩ=0,  要素方程式 kₑqₑ=fₑ",,,
46,c052,A,past,1,FEM・数値解析,有限要素法のメリットとデメリットを説明してください。,メリットは複雑形状、異種材料、多様な境界条件を扱いやすいことです。デメリットはメッシュやモデル化に依存し、計算量が大きく、結果の妥当性確認が必要なことです。,,,,
47,c053,A,past,1,FEM・数値解析,有限要素法で大規模な連立一次方程式を効率よく解く方法は？,剛性行列の疎性・対称性・正定値性を利用します。直接法では疎行列用LUやCholesky分解、反復法では共役勾配法などを前処理付きで使います。,,,行基本変形を手計算する、だけでは大規模計算の工夫として不十分です。,
48,c097,A,past,1,HI・触覚・VR,クロスモーダル知覚とは何ですか？,ある感覚モダリティの情報が、別の感覚モダリティの知覚や判断に影響する現象です。例として視覚情報で物体の重さや触感の知覚が変わることがあります。,,,『別の知覚が必ず生起する』よりも『相互に影響する』と説明すると安全です。,
49,c099,A,past,1,HI・触覚・VR,触覚にはどのような種類がありますか？,皮膚感覚として圧・振動・伸展・温冷・痛みなどがあり、広義の触覚には筋・腱・関節から得る固有受容感覚や運動感覚も含まれます。,,,,
50,c105,A,past,1,HI・触覚・VR,VR酔いの主な原因は何ですか？,視覚が示す運動と前庭感覚・固有感覚が示す運動の不一致、表示遅延、低フレームレート、不自然な加速度や視野運動などが主因と考えられます。,,,,
51,c106,A,past,1,HI・触覚・VR,VR酔いを減らす方法を挙げてください。,遅延を減らし高フレームレートを保つ、急な加減速や回転を避ける、移動時に視野を狭める、固定した視覚基準を置く、短時間から慣らす方法があります。,,,,
52,c057,A,past,1,ロボティクス,運動学と動力学の違いは何ですか？,運動学は力やトルクを直接考えず、位置・姿勢・速度・加速度の幾何学的関係を扱います。動力学は質量、慣性、力、トルクと運動の関係を扱います。,,,,
53,c062,A,past,1,ロボティクス,ロボットの特異点とは何ですか？,ヤコビ行列のランクが低下し、手先が動ける方向を失う姿勢です。逆速度計算では関節速度が非常に大きくなるなど不安定になります。,,,,
54,c064,A,past,1,ロボティクス,移動ロボットの順運動学と逆運動学を説明してください。,順運動学は車輪角速度から機体の並進速度・角速度を求めます。逆運動学は目標の機体速度から必要な各車輪角速度を求めます。,,,,
55,c069,A,past,1,制御,ナイキスト安定判別法を説明してください。,開ループ伝達関数の右半平面極数Pと、ナイキスト線図が−1点を囲む回数Nから、閉ループの右半平面極数Zを関係づけて安定性を判定します。符号規約に注意し、Z=0なら安定です。,代表的規約: N=Z−P（反時計回り正など、教科書の規約を確認）,,囲み数の正負は規約で変わるため、P・Zとの関係を一貫して述べます。,
56,c071,A,past,1,制御,フィードフォワード制御とは何ですか？,目標値や測定可能な外乱から、モデルに基づいて必要な操作量を先回りして与える制御です。偏差が生じてから修正するのではなく、既知の影響を事前に補償します。,,通常はフィードバックと組み合わせて、速応性とロバスト性を両立します。,,
57,c073,A,past,1,制御,ボード線図とは何ですか？,周波数を対数軸に取り、伝達関数のゲインと位相を周波数ごとに描く図です。帯域、共振、ゲイン余裕、位相余裕などを読み取れます。,,,,
58,c004,A,past,1,数学・線形代数,実対称行列の固有値と固有ベクトルにはどんな性質がありますか？,実対称行列の固有値はすべて実数で、異なる固有値に属する固有ベクトルは互いに直交します。したがって直交行列で対角化できます。,"A=Aᵀ ⇒ QᵀAQ=D,  QᵀQ=I",,,
59,c005,A,past,1,数学・線形代数,ベクトルや行列の一次独立・一次従属とは何ですか？,ベクトル集合が一次独立とは、それらの線形結合が零ベクトルになる係数がすべて0の場合です。0でない係数の組が存在すれば一次従属です。,c₁v₁+…+cₙvₙ=0 ⇒ c₁=…=cₙ=0,正方行列では、列ベクトルが一次独立 ⇔ 行列式が0でない ⇔ 逆行列が存在します。,,
60,c007,A,past,1,数学・線形代数,線形変換で平面図形の面積はどう変わりますか？,2次元の線形変換Aを施すと、面積は |det A| 倍になります。行列式の符号は向きの反転、絶対値は面積倍率を表します。,S' = |det A| S,,,
61,c036,A,past,1,材料力学・設計,せん断力とせん断応力とは何ですか？,せん断力Vは、切断面に平行に働く内力の合力です。せん断応力τは、そのせん断力が断面内に分布した単位面積当たりの力です。,平均 τ=V/A,,せん断力はモーメントによって発生するもの、と限定しません。,
62,c038,A,past,1,材料力学・設計,真応力と公称応力の違いは何ですか？,公称応力は荷重を初期断面積で割り、真応力は荷重をその時点の実断面積で割ります。引張で断面が細くなると、通常は真応力の方が大きくなります。,"σ_n=P/A₀,  σ_t=P/A",,,
63,c041,A,past,1,材料力学・設計,応力と変位の関係を説明してください。,外力から内力・応力が生じ、材料の構成則により応力とひずみが関係し、ひずみを空間的に積分すると変位が得られます。線形弾性なら σ=Eε です。,"外力→応力,  σ=Eε,  ε=du/dx（1次元）",,,
64,c042,A,past,1,材料力学・設計,主応力とは何ですか？,ある点でせん断応力が0になる面に作用する垂直応力で、応力テンソルの固有値です。その面の法線方向が主方向です。,det(σ−λI)=0,,,
65,c043,A,past,1,材料力学・設計,不静定問題とは何ですか？,力とモーメントのつり合い式だけでは未知反力や内力を一意に決められず、変形の適合条件と材料の構成則も必要な問題です。,,,,
66,c045,A,past,1,材料力学・設計,寸法公差とは何ですか？,製作上許容される寸法のばらつきの範囲です。基準寸法に対する上の寸法許容差と下の寸法許容差で、最大許容寸法と最小許容寸法を定めます。,公差=最大許容寸法−最小許容寸法,,,
67,c028,A,past,1,機械力学・振動,角運動量の定義は何ですか？,質点では位置ベクトルrと運動量pの外積 L=r×p です。剛体では一般に L=Iω ですが、Lとωが平行とは限りません。,"L=r×p,  剛体: L=Iω",,Iw²は回転運動エネルギーの式と混同しています。回転エネルギーは(1/2)Iω²です。,
68,c032,A,past,1,機械力学・振動,ダンパにはどのような種類があり、どう数式表現しますか？,代表例は粘性ダンパ、クーロン摩擦、構造減衰です。粘性減衰力は速度に比例して F=−c ẋ、クーロン摩擦は運動方向と逆向きにほぼ一定で F=−F_c sgn(ẋ) です。,"粘性: F=−cẋ,  クーロン: F=−F_c sgn(ẋ)",,,
69,c033,A,past,1,機械力学・振動,片持ち梁の先端に打撃力を加えたときの振動とフーリエ解析の関係を説明してください。,短い打撃は広い周波数成分を含むインパルス入力とみなせます。入力と応答をフーリエ変換し、その比から周波数応答関数を求めると、固有振動数ではピークが現れます。,H(ω)=Y(ω)/F(ω),,,
70,c091,A,past,1,流体力学,ナビエ–ストークス方程式の右辺3項は何を表しますか？,−∇pは圧力による力、μ∇²uは粘性による運動量拡散、ρfは重力などの単位体積当たりの体積力です。,,,,
71,c094,A,past,1,熱力学・伝熱,流れている系で内部エネルギーに対応してよく用いる状態量は何ですか？,エンタルピーです。流動仕事pvを内部エネルギーに加えた h=u+pv を用いると、開放系のエネルギー収支を表しやすくなります。,h=u+pv,,,
72,c095,A,past,1,熱力学・伝熱,フーリエの法則とは何ですか？,熱伝導による熱流束は温度勾配に比例し、高温側から低温側へ流れることを表す法則です。,q=−k∇T  （1次元: Q̇=−kA dT/dx）,,,
73,c017,A,past,1,統計,統計的な有意差とは何ですか？,帰無仮説のもとでは観測結果以上の差が生じにくいと判断され、設定した有意水準よりp値が小さい状態です。効果が大きい、実用上重要という意味とは限りません。,p < α,,,
74,c018,A,past,1,統計,有意水準とは何ですか？,帰無仮説が正しいのに誤って棄却する第一種過誤を許容する確率の上限です。一般に5%などを事前に設定します。,α=P(帰無仮説を棄却 | 帰無仮説が真),,,
75,c116,A,past,1,自分の経験,学部で行った実験を1分で説明してください。,目的、装置、測定量、解析方法、結果、考察の順で説明します。例：スターリングエンジンの回転数・トルク等を測定し、出力や効率を評価した、というように自分の実験へ置き換えます。,,装置図を頭の中で説明できるよう、センサ名・サンプリング周期・誤差要因も準備します。,,
76,c081,A,past,1,計測・信号処理,同期検波とは何ですか？,既知の基準信号と同じ周波数・位相の信号を測定信号に掛け、低域通過させることで、その周波数成分だけを高感度に取り出す方法です。ロックインアンプの原理です。,x(t)×cos(ω₀t) → LPF,,,同期検定ってわかる？
77,c083,A,past,1,計測・信号処理,ローパスフィルタとハイパスフィルタを説明してください。,ローパスフィルタは低周波成分を通し高周波成分を減衰させます。ハイパスフィルタは高周波成分を通し低周波成分を減衰させます。,,,,
78,c086,A,past,1,計測・信号処理,AD変換したデータから周波数成分を求めるにはどうしますか？,一定周期で標本化した時系列データに窓関数を適用し、DFTまたはFFTで周波数スペクトルを求めます。周波数分解能は観測時間、上限はナイキスト周波数で決まります。,Δf=f_s/N=1/T,,,
79,c136,A,past,1,計測・信号処理,サンプリング周期が10 msのとき、標本化周波数とナイキスト周波数はいくつですか？,標本化周期Tₛ=0.01 sなので、標本化周波数は100 Hz、ナイキスト周波数は50 Hzです。,"fₛ=1/Tₛ=100 Hz,  f_N=fₛ/2=50 Hz",,,
80,c131,A,added,1,ロボティクス,回転行列にはどのような性質がありますか？,回転行列Rは直交行列で、RᵀR=I、det R=1を満たします。逆行列は転置行列です。,"RᵀR=I, detR=1, R⁻¹=Rᵀ",,,
81,c124,A,added,1,制御,閉ループ伝達関数を答えてください。,負帰還で前向き伝達関数G(s)、フィードバックH(s)なら、目標値から出力への閉ループ伝達関数は G/(1+GH) です。,T(s)=G(s)/(1+G(s)H(s)),,,
82,c125,A,added,1,制御,状態方程式と固有値の関係を説明してください。,線形系 ẋ=Ax+Bu の自由応答はAの固有値で決まります。連続時間では全固有値の実部が負なら漸近安定です。,"ẋ=Ax+Bu,  y=Cx+Du",,,
83,c121,A,added,1,材料力学・設計,断面二次モーメントとは何ですか？,断面の面積が中立軸からどのように分布しているかを表し、梁の曲げにくさに関係する幾何学量です。材料特性ではありません。,"I=∫y²dA,  曲げ剛性=EI",,,
84,c122,A,added,1,材料力学・設計,梁の曲げ応力の式を答えてください。,オイラー・ベルヌーイ梁の線形曲げでは、中立軸から距離yの曲げ応力は σ=My/I です。,σ=My/I,,,
85,c123,A,added,1,材料力学・設計,梁のたわみに長さは何乗で効きますか？,荷重条件で異なりますが、代表的な片持ち梁の先端集中荷重ではL³、等分布荷重ではL⁴に比例します。式を条件とセットで覚えます。,"先端集中荷重: δ=PL³/(3EI), 等分布: δ=wL⁴/(8EI)",,,
86,c119,A,added,1,機械力学・振動,1自由度減衰振動系の運動方程式を書いてください。,質量m、粘性減衰c、ばね定数k、外力f(t)なら、運動方程式は m ẍ+c ẋ+kx=f(t) です。,m ẍ+c ẋ+kx=f(t),,,
87,c120,A,added,1,機械力学・振動,減衰比とは何ですか？,実際の粘性減衰係数cを臨界減衰係数c_cで割った無次元量です。ζ<1で不足減衰、ζ=1で臨界減衰、ζ>1で過減衰です。,ζ=c/c_c=c/(2√(mk)),,,
88,c129,A,added,1,熱力学・伝熱,熱力学第一法則を説明してください。,系の内部エネルギー変化は、系へ加えた熱から系が外部へした仕事を引いたものです。符号規約を明示します。,ΔU=Q−W（系がした仕事を正とする規約）,,,
89,c134,A,added,1,統計,p値とは何ですか？,帰無仮説が正しいと仮定したとき、観測された統計量以上に極端な結果が得られる確率です。帰無仮説が正しい確率ではありません。,,,,
90,c117,B,past,2,自分の経験,使ったことのあるプログラミング言語と用途を説明してください。,言語名だけでなく、何を入力し、どんな処理をし、何を出力したかを30秒で述べます。例：C/C++で数値計算や画像処理、Pythonで統計解析、C#とUnityでインタラクティブシステムを実装しました。,,,,
91,c049,B,past,1,FEM・数値解析,重み付き残差法とは何ですか？,近似解を微分方程式へ代入して生じる残差Rに重み関数wを掛け、領域全体で積分した値を0にすることで近似解を決める方法です。,∫Ω w R dΩ=0,,,
92,c050,B,past,1,FEM・数値解析,ガラーキン法とは何ですか？,重み付き残差法の一種で、重み関数に近似解で使う基底関数と同じ関数を選ぶ方法です。有限要素法の標準的な定式化に用いられます。,,,,
93,c051,B,past,1,FEM・数値解析,有限差分法と有限要素法の違いは何ですか？,有限差分法は微分を格子点間の差分で近似します。有限要素法は領域を要素分割し、弱形式と形状関数で場を近似するため、複雑形状や境界条件に対応しやすいです。,,,,
94,c054,B,past,1,FEM・数値解析,連続体力学とは何ですか？,物質を原子の集合ではなく、密度・変位・応力などが空間内で連続的に分布する媒体として扱い、保存則と構成則で変形や流動を記述する力学です。,,,,
95,c055,B,past,1,FEM・数値解析,トポロジー最適化とは何ですか？,設計領域内の材料配置そのものを設計変数とし、体積などの制約下で剛性最大化やコンプライアンス最小化を行う構造最適化です。,,,,
96,c100,B,past,1,HI・触覚・VR,触覚受容器は身体に一様に分布していますか？,一様ではありません。指先や口唇など識別能力が高い部位では受容器密度が高く受容野が小さく、背中などでは密度が低く受容野が大きい傾向があります。,,,,
97,c101,B,past,1,HI・触覚・VR,ファントムセンセーションとは何ですか？,皮膚上の離れた2点を適切な強度で同時刺激すると、その間の刺激していない位置にも単一の触覚が感じられる錯覚です。強度比を変えると知覚位置を移動できます。,,,,phantom sensationとは？
98,c102,B,past,1,HI・触覚・VR,VR、AR、MRの違いを説明してください。,VRは主に人工環境へ没入させます。ARは現実世界にデジタル情報を重畳します。MRは現実と仮想の物体が空間的に整合し、相互作用する複合環境を指します。,,,,
99,c103,B,past,1,HI・触覚・VR,運動主体感とは何ですか？,自分がある行為を起こし、その結果を生じさせているという主観的な感覚です。運動指令の予測と実際の感覚フィードバックの一致などが関係します。,,,,
100,c104,B,past,1,HI・触覚・VR,ラッセルの円環モデルとは何ですか？,感情を、快−不快の感情価と、覚醒−非覚醒の覚醒度という2軸上の円環として配置するモデルです。,,,,
101,c107,B,past,1,HI・触覚・VR,ベクションとは何ですか？,実際には身体が動いていないのに、広い視野の視覚運動によって自分が動いているように感じる自己運動感覚です。,,,,
102,c108,B,past,1,HI・触覚・VR,モーショントラッキングの原理を説明してください。,カメラ、IMU、外部マーカ、深度センサなどから位置・姿勢を推定します。VRではIMUの高周波な相対運動推定と、カメラの絶対位置補正をセンサフュージョンする方法が一般的です。,,,,
103,c072,B,past,1,制御,根軌跡法とは何ですか？,フィードバック系のゲインなどのパラメータを変えたとき、閉ループ極が複素平面上をどのように移動するかを描く方法です。,,,,
104,c074,B,past,1,制御,カットオフ周波数はどのように決めますか？,通したい信号帯域と除去したい雑音帯域、必要な応答速度を基に決めます。ボード線図や実測スペクトルを用い、減衰量・位相遅れとのトレードオフを確認します。,,,状態方程式を必ず同定しなければ決められないわけではありません。,
105,c109,B,past,1,医療・生体計測,ストレス反応を測定する手法を挙げてください。,主観評価に加え、心拍・心拍変動、皮膚電気活動、血圧、呼吸、瞳孔径、唾液コルチゾールや唾液アミラーゼ、脳波などがあります。,,交感神経・副交感神経、測定遅延、個人差を考慮します。,,
106,c111,B,past,1,情報・電子・物理,半導体とは何ですか？,電気伝導性が導体と絶縁体の中間にあり、温度・光・不純物添加などでキャリア濃度と導電率を大きく制御できる物質です。価電子帯と伝導帯の間に比較的小さなバンドギャップがあります。,,,,
107,c012,B,past,1,数学・微分方程式,特殊解とは何ですか？,一般解の任意定数を初期条件・境界条件で定めて得る特定の解、または非同次方程式に対する一つの特解を指します。文脈によって意味を確認します。,,,,
108,c013,B,past,1,数学・微分方程式,微分方程式の特異解とは何ですか？,微分方程式を満たすが、一般解の任意定数をどのように選んでも得られない解です。一般解の包絡線として現れることがあります。,,,,
109,c014,B,past,1,数学・微分方程式,代表的な微分方程式の型を挙げてください。,常微分方程式と偏微分方程式、線形と非線形、同次と非同次、階数による分類があります。一次線形、変数分離形、二階定係数線形方程式などが代表例です。,,,,
110,c006,B,past,1,数学・線形代数,基底ベクトルとは何ですか？,ベクトル空間を張り、かつ一次独立なベクトルの組です。空間内の任意のベクトルを、その基底の線形結合として一意に表せます。,,,,
111,c008,B,past,1,数学・線形代数,デルタ関数とは何ですか？,ディラックのデルタ関数は、x=0以外で0、全区間での積分が1となる一般化関数です。積分の中で値を取り出す性質をもち、理想的なインパルスを表します。,"∫δ(x)dx=1,  ∫f(x)δ(x-a)dx=f(a)",,,
112,c040,B,past,1,材料力学・設計,変位の単位は何ですか？,変位は位置の変化なので長さの次元をもち、SI単位はメートルです。,,,,
113,c046,B,past,1,材料力学・設計,公差という概念はなぜ必要ですか？,加工には必ずばらつきがあるため、機能・組立性・互換性を満たす許容範囲を定める必要があります。公差を厳しくしすぎると製造コストが上がります。,,,,
114,c027,B,past,1,機械力学・振動,慣性主軸とは何ですか？,慣性テンソルの固有ベクトル方向です。この軸に座標を取ると慣性乗積が0になり、慣性テンソルが対角化されます。,,,,
115,c029,B,past,1,機械力学・振動,回転モーメント、すなわちトルクとは何ですか？,力が物体を回転させる作用の大きさで、基準点から作用点への位置ベクトルrと力Fの外積です。角運動量の時間変化にも等しいです。,τ=r×F=dL/dt,,,
116,c030,B,past,1,機械力学・振動,ジャイロモーメントとは何ですか？,回転体の角運動量の向きを変えるときに生じるモーメントです。高速回転するロータの軸を歳差角速度Ωで回すと、概ね τ=Ω×L で表されます。,τ=dL/dt=Ω×L,,,
117,c089,B,past,1,流体力学,カルマン渦とは何ですか？,円柱などの鈍い物体の後流で、左右交互に周期的に放出される渦列です。放出周波数はストローハル数で整理されます。,St=fD/U,,,
118,c096,B,past,1,熱力学・伝熱,熱力学の重要な要素を2つ挙げて説明してください。,質問が広いため、例えば『状態量と熱力学法則』と答えます。状態量には内部エネルギー・エンタルピー・エントロピーなどがあり、第一法則はエネルギー保存、第二法則は過程の方向性とエントロピー増大を表します。,,,元の質問文が曖昧なので、面接では『第一・第二法則でしょうか』と確認してから答えても構いません。,
119,c019,B,past,1,統計,t検定とは何ですか？,母分散が未知の状況で、平均の差が偶然のばらつきで説明できるかをt分布に基づいて検定する方法です。1標本、対応あり、独立2標本などがあります。,,データの対応関係、正規性、等分散性などに応じて検定法を選びます。,,
120,c020,B,past,1,統計,統計はどのようなときに使いますか？,実験や観測データのばらつきを定量化し、母集団の性質を推定したり、条件間の差や関係が偶然かを判断したりするときに使います。,,,,
121,c118,B,past,1,自分の経験,数値解析のプログラミング経験を説明してください。,連立方程式、常微分方程式、最適化、有限要素法、信号処理、統計解析のうち実際に行ったものを、アルゴリズム・データ・検証方法とともに説明します。,,,統計解析だけを挙げる場合も、数値計算として何を実装・検証したかを具体化します。,
122,c080,B,past,1,計測・信号処理,量子化分解能とビット数の関係を説明してください。,nビットのAD変換では通常2ⁿ段階で表現します。入力範囲をV_FSとすると量子化幅は概ね V_FS/2ⁿ で、ビット数が1増えると幅は半分になります。,"段階数=2ⁿ,  Δ≈V_FS/2ⁿ",,,量子化能率とは？
123,c082,B,past,1,計測・信号処理,『計測の原理の応用』ではどのような内容を説明できますか？,センサによる物理量の電気信号化、増幅・フィルタリング、AD変換、標本化・量子化、雑音低減、校正、不確かさ評価など、測定系全体の原理を説明します。,,自身の授業・実験に合わせて、具体例を1つ準備してください。,,
124,c137,B,past,1,計測・信号処理,量子化効率とは何ですか？,文脈により定義が異なりますが、量子化後の信号品質を量子化雑音との比で表す意味で使われることがあります。面接では用語の定義を確認し、量子化幅・量子化誤差・信号対量子化雑音比を説明します。,SQNR=P_signal/P_quantization-noise,,授業固有の用語である可能性があるため、断定せず定義を確認します。,
125,c133,B,added,1,HI・触覚・VR,速順応型と遅順応型受容器の違いは何ですか？,速順応型は刺激の開始・終了や変化に強く応答し、振動や滑り検出に向きます。遅順応型は刺激が続く間も応答し、持続圧や形状、皮膚伸展を符号化します。,,,,
126,c132,B,added,1,ロボティクス,オイラー角とクォータニオンの違いは何ですか？,オイラー角は3変数で直感的ですが回転順序依存とジンバルロックがあります。単位クォータニオンは4変数に制約をもち、特異性がなく補間に向きます。,,,,
127,c128,B,added,1,流体力学,ストローハル数とは何ですか？,非定常な渦放出などの代表周波数を整理する無次元数です。,St=fL/U,,,
128,c130,B,added,1,熱力学・伝熱,エントロピーとは何ですか？,可逆過程で微小な熱δQ_revを温度Tで割った変化量dS=δQ_rev/Tで定義される状態量です。孤立系ではエントロピーは減少しません。,"dS=δQ_rev/T,  ΔS_isolated≥0",,,
129,c135,B,added,1,統計,相関と因果の違いは何ですか？,相関は2変数が共に変化する統計的関係、因果は一方の操作が他方の変化を生む関係です。交絡や逆因果があるため、相関だけでは因果を示せません。,,,,
130,c126,B,added,1,計測・信号処理,計測における精度と分解能の違いは何ですか？,精度は測定値が真値にどれだけ近いか、分解能は識別できる最小変化量です。分解能が高くても校正誤差が大きければ精度は高くありません。,,,,
131,c127,B,added,1,計測・信号処理,センサの校正とは何ですか？,既知の標準量を入力し、センサ出力との対応関係を求め、感度・オフセット・非線形性などを補正することです。,,,,
132,c138,B,added,0,FEM・数値解析,有限要素法におけるヤコビ行列は何に使いますか？,基準要素の局所座標と実要素の物理座標の写像に使います。微分や積分を座標変換するとき、ヤコビ行列とその行列式が現れます。,"dΩ=|det J| dξ,  ∇_x=N_{,ξ}J⁻¹",,,
133,c092,B,added,0,流体力学,非圧縮性流体の連続の式は何ですか？,質量保存則から速度場の発散が0になります。,∇·u=0,,,
134,c110,C,past,1,情報・電子・物理,関数型言語とは何ですか？,計算を関数の評価として記述し、状態変更や副作用を抑えるプログラミング言語・パラダイムです。高階関数、再帰、不変データなどをよく用います。,,,,
135,c112,C,past,1,情報・電子・物理,機械学習とは何ですか？,データから規則や予測モデルを学習し、明示的に全てのルールを書かずに分類・回帰・生成・制御などを行う手法です。,,,,
136,c113,C,past,1,情報・電子・物理,プラズモンとは何ですか？,金属などの自由電子集団の密度振動を量子化した準粒子です。表面に局在するものは表面プラズモンと呼ばれ、光と結合して表面プラズモンポラリトンを形成します。,,,,
137,c114,C,past,1,情報・電子・物理,量子性とは何ですか？,重ね合わせ、量子化、波動粒子二重性、不確定性、もつれなど、古典力学では説明できない量子系特有の性質を指します。,,,,
138,c115,C,past,1,情報・電子・物理,光電効果を説明してください。,物質に光を当てると電子が放出される現象です。電子の最大運動エネルギーは光の強度ではなく周波数で決まり、しきい周波数が存在します。,K_max=hν−φ,,,
139,c015,C,past,1,数学・特殊関数,ガンマ関数とは何ですか？,階乗を実数・複素数へ拡張する関数です。正の実数sに対し Γ(s)=∫₀∞x^(s-1)e^(-x)dx と定義され、正整数nで Γ(n)=(n-1)! となります。,"Γ(s)=∫₀∞x^(s-1)e^(-x)dx,  Γ(n)=(n-1)!",,,
